photo_id,obj_id,obj_class,file_name,background,location,light,bll
0,batom_0,batom,IMG_1774.jpg,w,i,d,wid
1,batom_0,batom,IMG_1775.jpg,w,i,d,wid
2,batom_0,batom,IMG_1776.jpg,w,i,d,wid
3,batom_1,batom,IMG_1777.jpg,w,i,d,wid
4,batom_1,batom,IMG_1778.jpg,w,i,d,wid
5,batom_1,batom,IMG_1779.jpg,w,i,d,wid
6,batom_2,batom,IMG_1780.jpg,w,i,d,wid
7,batom_2,batom,IMG_1781.jpg,w,i,d,wid
8,batom_2,batom,IMG_1782.jpg,w,i,d,wid
9,batom_3,batom,IMG_1786.jpg,w,i,d,wid
10,batom_3,batom,IMG_1787.jpg,w,i,d,wid
11,batom_3,batom,IMG_1788.jpg,w,i,d,wid
12,batom_4,batom,IMG_1789.jpg,w,i,d,wid
13,batom_4,batom,IMG_1790.jpg,w,i,d,wid
14,batom_4,batom,IMG_1791.jpg,w,i,d,wid
15,batom_5,batom,IMG_1792.jpg,w,i,d,wid
16,batom_5,batom,IMG_1793.jpg,w,i,d,wid
17,batom_5,batom,IMG_1794.jpg,w,i,d,wid
18,batom_0,batom,IMG_1795.jpg,w,o,d,wod
19,batom_0,batom,IMG_1796.jpg,w,o,d,wod
20,batom_0,batom,IMG_1797.jpg,w,o,d,wod
21,batom_1,batom,IMG_1798.jpg,w,o,d,wod
22,batom_1,batom,IMG_1799.jpg,w,o,d,wod
23,batom_1,batom,IMG_1800.jpg,w,o,d,wod
24,batom_2,batom,IMG_1801.jpg,w,o,d,wod
25,batom_2,batom,IMG_1802.jpg,w,o,d,wod
26,batom_2,batom,IMG_1803.jpg,w,o,d,wod
27,batom_3,batom,IMG_1804.jpg,w,o,d,wod
28,batom_3,batom,IMG_1805.jpg,w,o,d,wod
29,batom_3,batom,IMG_1806.jpg,w,o,d,wod
30,batom_4,batom,IMG_1807.jpg,w,o,d,wod
31,batom_4,batom,IMG_1808.jpg,w,o,d,wod
32,batom_4,batom,IMG_1809.jpg,w,o,d,wod
33,batom_5,batom,IMG_1810.jpg,w,o,d,wod
34,batom_5,batom,IMG_1811.jpg,w,o,d,wod
35,batom_5,batom,IMG_1812.jpg,w,o,d,wod
36,batom_0,batom,IMG_1814.jpg,g,o,d,god
37,batom_0,batom,IMG_1815.jpg,g,o,d,god
38,batom_0,batom,IMG_1816.jpg,g,o,d,god
39,batom_1,batom,IMG_1817.jpg,g,o,d,god
40,batom_1,batom,IMG_1818.jpg,g,o,d,god
41,batom_1,batom,IMG_1819.jpg,g,o,d,god
42,batom_2,batom,IMG_1820.jpg,g,o,d,god
43,batom_2,batom,IMG_1821.jpg,g,o,d,god
44,batom_2,batom,IMG_1822.jpg,g,o,d,god
45,batom_3,batom,IMG_1823.jpg,g,o,d,god
46,batom_3,batom,IMG_1824.jpg,g,o,d,god
47,batom_3,batom,IMG_1825.jpg,g,o,d,god
48,batom_4,batom,IMG_1826.jpg,g,o,d,god
49,batom_4,batom,IMG_1827.jpg,g,o,d,god
50,batom_4,batom,IMG_1828.jpg,g,o,d,god
51,batom_5,batom,IMG_1829.jpg,g,o,d,god
52,batom_5,batom,IMG_1830.jpg,g,o,d,god
53,batom_5,batom,IMG_1831.jpg,g,o,d,god
54,batom_0,batom,IMG_1834.jpg,g,i,d,gid
55,batom_0,batom,IMG_1835.jpg,g,i,d,gid
56,batom_0,batom,IMG_1836.jpg,g,i,d,gid
57,batom_1,batom,IMG_1837.jpg,g,i,d,gid
58,batom_1,batom,IMG_1838.jpg,g,i,d,gid
59,batom_1,batom,IMG_1839.jpg,g,i,d,gid
60,batom_2,batom,IMG_1840.jpg,g,i,d,gid
61,batom_2,batom,IMG_1841.jpg,g,i,d,gid
62,batom_2,batom,IMG_1842.jpg,g,i,d,gid
63,batom_3,batom,IMG_1843.jpg,g,i,d,gid
64,batom_3,batom,IMG_1844.jpg,g,i,d,gid
65,batom_3,batom,IMG_1845.jpg,g,i,d,gid
66,batom_4,batom,IMG_1846.jpg,g,i,d,gid
67,batom_4,batom,IMG_1847.jpg,g,i,d,gid
68,batom_4,batom,IMG_1848.jpg,g,i,d,gid
69,batom_5,batom,IMG_1849.jpg,g,i,d,gid
70,batom_5,batom,IMG_1850.jpg,g,i,d,gid
71,batom_5,batom,IMG_1851.jpg,g,i,d,gid
72,batom_0,batom,IMG_1861-0.jpg,w,i,n,win
73,batom_0,batom,IMG_1862-0.jpg,w,i,n,win
74,batom_0,batom,IMG_1863-0.jpg,w,i,n,win
75,batom_1,batom,IMG_1864-0-0.jpg,w,i,n,win
76,batom_1,batom,IMG_1865-0-0.jpg,w,i,n,win
77,batom_1,batom,IMG_1866-0-0.jpg,w,i,n,win
78,batom_2,batom,IMG_1867-0-0.jpg,w,i,n,win
79,batom_2,batom,IMG_1868-0-0.jpg,w,i,n,win
80,batom_2,batom,IMG_1869-0-0.jpg,w,i,n,win
81,batom_3,batom,IMG_1870-0-0.jpg,w,i,n,win
82,batom_3,batom,IMG_1871-0-0.jpg,w,i,n,win
83,batom_3,batom,IMG_1872-0-0.jpg,w,i,n,win
84,batom_4,batom,IMG_1873-0-0.jpg,w,i,n,win
85,batom_4,batom,IMG_1874-0-0.jpg,w,i,n,win
86,batom_4,batom,IMG_1875-0-0.jpg,w,i,n,win
87,batom_5,batom,IMG_1876-0-0.jpg,w,i,n,win
88,batom_5,batom,IMG_1877-0-0.jpg,w,i,n,win
89,batom_5,batom,IMG_1878-0-0.jpg,w,i,n,win
90,batom_0,batom,IMG_1879-0-0.jpg,g,i,n,gin
91,batom_0,batom,IMG_1880-0-0.jpg,g,i,n,gin
92,batom_0,batom,IMG_1881-0-0.jpg,g,i,n,gin
93,batom_1,batom,IMG_1882-0-0.jpg,g,i,n,gin
94,batom_1,batom,IMG_1883-0-0.jpg,g,i,n,gin
95,batom_1,batom,IMG_1884-0-0.jpg,g,i,n,gin
96,batom_2,batom,IMG_1885-0.jpg,g,i,n,gin
97,batom_2,batom,IMG_1886-0.jpg,g,i,n,gin
98,batom_2,batom,IMG_1887-0.jpg,g,i,n,gin
99,batom_3,batom,IMG_1888-0.jpg,g,i,n,gin
100,batom_3,batom,IMG_1889-0.jpg,g,i,n,gin
101,batom_3,batom,IMG_1890-0.jpg,g,i,n,gin
102,batom_4,batom,IMG_1891-0-0.jpg,g,i,n,gin
103,batom_4,batom,IMG_1892-0-0.jpg,g,i,n,gin
104,batom_4,batom,IMG_1893-0-0.jpg,g,i,n,gin
105,batom_5,batom,IMG_1894-0-0.jpg,g,i,n,gin
106,batom_5,batom,IMG_1895-0-0.jpg,g,i,n,gin
107,batom_5,batom,IMG_1896-0-0.jpg,g,i,n,gin
108,batom_0,batom,IMG_1897-0-0.jpg,w,o,n,won
109,batom_0,batom,IMG_1898-0-0.jpg,w,o,n,won
110,batom_0,batom,IMG_1899-0-0.jpg,w,o,n,won
111,batom_1,batom,IMG_1900-0.jpg,w,o,n,won
112,batom_1,batom,IMG_1901-0.jpg,w,o,n,won
113,batom_1,batom,IMG_1902-0.jpg,w,o,n,won
114,batom_2,batom,IMG_1903-0.jpg,w,o,n,won
115,batom_2,batom,IMG_1904-0.jpg,w,o,n,won
116,batom_2,batom,IMG_1905-0.jpg,w,o,n,won
117,batom_3,batom,IMG_1906-0.jpg,w,o,n,won
118,batom_3,batom,IMG_1907-0.jpg,w,o,n,won
119,batom_3,batom,IMG_1908-0.jpg,w,o,n,won
120,batom_4,batom,IMG_1909-0-0.jpg,w,o,n,won
121,batom_4,batom,IMG_1910-0-0.jpg,w,o,n,won
122,batom_4,batom,IMG_1911-0-0.jpg,w,o,n,won
123,batom_5,batom,IMG_1912-0.jpg,w,o,n,won
124,batom_5,batom,IMG_1913-0.jpg,w,o,n,won
125,batom_5,batom,IMG_1914-0.jpg,w,o,n,won
126,batom_0,batom,IMG_1915-0-0.jpg,g,o,n,gon
127,batom_0,batom,IMG_1916-0-0.jpg,g,o,n,gon
128,batom_0,batom,IMG_1917-0-0.jpg,g,o,n,gon
129,batom_1,batom,IMG_1918.jpg,g,o,n,gon
130,batom_1,batom,IMG_1919.jpg,g,o,n,gon
131,batom_1,batom,IMG_1920.jpg,g,o,n,gon
132,batom_2,batom,IMG_1921-0.jpg,g,o,n,gon
133,batom_2,batom,IMG_1922-0.jpg,g,o,n,gon
134,batom_2,batom,IMG_1923-0.jpg,g,o,n,gon
135,batom_3,batom,IMG_1924-0.jpg,g,o,n,gon
136,batom_3,batom,IMG_1925-0.jpg,g,o,n,gon
137,batom_3,batom,IMG_1926-0.jpg,g,o,n,gon
138,batom_4,batom,IMG_1927-0.jpg,g,o,n,gon
139,batom_4,batom,IMG_1928-0-0.jpg,g,o,n,gon
140,batom_4,batom,IMG_1929-0-0.jpg,g,o,n,gon
141,batom_5,batom,IMG_1930-0-0.jpg,g,o,n,gon
142,batom_5,batom,IMG_1931-0-0.jpg,g,o,n,gon
143,batom_5,batom,IMG_1932-0-0.jpg,g,o,n,gon
144,batom_0,batom,IMG_1944.jpg,b,i,d,bid
145,batom_0,batom,IMG_1945.jpg,b,i,d,bid
146,batom_0,batom,IMG_1946.jpg,b,i,d,bid
147,batom_1,batom,IMG_1947.jpg,b,i,d,bid
148,batom_1,batom,IMG_1948.jpg,b,i,d,bid
149,batom_1,batom,IMG_1950.jpg,b,i,d,bid
150,batom_2,batom,IMG_1951.jpg,b,i,d,bid
151,batom_2,batom,IMG_1952.jpg,b,i,d,bid
152,batom_2,batom,IMG_1953.jpg,b,i,d,bid
153,batom_3,batom,IMG_1954.jpg,b,i,d,bid
154,batom_3,batom,IMG_1955.jpg,b,i,d,bid
155,batom_3,batom,IMG_1956.jpg,b,i,d,bid
156,batom_4,batom,IMG_1957.jpg,b,i,d,bid
157,batom_4,batom,IMG_1958.jpg,b,i,d,bid
158,batom_4,batom,IMG_1959.jpg,b,i,d,bid
159,batom_5,batom,IMG_1960.jpg,b,i,d,bid
160,batom_5,batom,IMG_1961.jpg,b,i,d,bid
161,batom_5,batom,IMG_1962.jpg,b,i,d,bid
162,batom_0,batom,IMG_1966.jpg,b,o,d,bod
163,batom_0,batom,IMG_1967.jpg,b,o,d,bod
164,batom_0,batom,IMG_1968.jpg,b,o,d,bod
165,batom_1,batom,IMG_1969.jpg,b,o,d,bod
166,batom_1,batom,IMG_1970.jpg,b,o,d,bod
167,batom_1,batom,IMG_1971.jpg,b,o,d,bod
168,batom_2,batom,IMG_1972.jpg,b,o,d,bod
169,batom_2,batom,IMG_1973.jpg,b,o,d,bod
170,batom_2,batom,IMG_1975.jpg,b,o,d,bod
171,batom_3,batom,IMG_1976.jpg,b,o,d,bod
172,batom_3,batom,IMG_1977.jpg,b,o,d,bod
173,batom_3,batom,IMG_1978.jpg,b,o,d,bod
174,batom_4,batom,IMG_1979.jpg,b,o,d,bod
175,batom_4,batom,IMG_1980.jpg,b,o,d,bod
176,batom_4,batom,IMG_1981.jpg,b,o,d,bod
177,batom_5,batom,IMG_1982.jpg,b,o,d,bod
178,batom_5,batom,IMG_1983.jpg,b,o,d,bod
179,batom_5,batom,IMG_1984.jpg,b,o,d,bod
180,paleta_0,paleta,IMG_1985.jpg,b,i,d,bid
181,paleta_0,paleta,IMG_1986.jpg,w,i,d,wid
182,paleta_0,paleta,IMG_1987.jpg,w,i,d,wid
183,paleta_1,paleta,IMG_1988.jpg,w,i,d,wid
184,paleta_1,paleta,IMG_1989.jpg,w,i,d,wid
185,paleta_1,paleta,IMG_1990.jpg,w,i,d,wid
186,paleta_2,paleta,IMG_1991.jpg,w,i,d,wid
187,paleta_2,paleta,IMG_1992.jpg,w,i,d,wid
188,paleta_2,paleta,IMG_1993.jpg,w,i,d,wid
189,paleta_3,paleta,IMG_1994.jpg,w,i,d,wid
190,paleta_3,paleta,IMG_1995.jpg,w,i,d,wid
191,paleta_3,paleta,IMG_1996.jpg,w,i,d,wid
192,paleta_4,paleta,IMG_2004.jpg,w,i,d,wid
193,paleta_4,paleta,IMG_2005.jpg,w,i,d,wid
194,paleta_4,paleta,IMG_2006.jpg,w,i,d,wid
195,paleta_0,paleta,IMG_2007.jpg,b,i,d,bid
196,paleta_0,paleta,IMG_2008.jpg,b,i,d,bid
197,paleta_0,paleta,IMG_2009.jpg,b,i,d,bid
198,paleta_1,paleta,IMG_2010.jpg,b,i,d,bid
199,paleta_1,paleta,IMG_2011.jpg,b,i,d,bid
200,paleta_1,paleta,IMG_2012.jpg,b,i,d,bid
201,paleta_2,paleta,IMG_2013.jpg,b,i,d,bid
202,paleta_2,paleta,IMG_2014.jpg,b,i,d,bid
203,paleta_2,paleta,IMG_2015.jpg,b,i,d,bid
204,paleta_3,paleta,IMG_2016.jpg,b,i,d,bid
205,paleta_3,paleta,IMG_2017.jpg,b,i,d,bid
206,paleta_3,paleta,IMG_2018.jpg,b,i,d,bid
207,paleta_4,paleta,IMG_2019.jpg,b,i,d,bid
208,paleta_4,paleta,IMG_2020.jpg,b,i,d,bid
209,paleta_4,paleta,IMG_2021.jpg,b,i,d,bid
210,paleta_0,paleta,IMG_2022.jpg,g,i,d,gid
211,paleta_0,paleta,IMG_2023.jpg,g,i,d,gid
212,paleta_0,paleta,IMG_2024.jpg,g,i,d,gid
213,paleta_1,paleta,IMG_2025.jpg,g,i,d,gid
214,paleta_1,paleta,IMG_2026.jpg,g,i,d,gid
215,paleta_1,paleta,IMG_2027.jpg,g,i,d,gid
216,paleta_2,paleta,IMG_2028.jpg,g,i,d,gid
217,paleta_2,paleta,IMG_2029.jpg,g,i,d,gid
218,paleta_2,paleta,IMG_2030.jpg,g,i,d,gid
219,paleta_3,paleta,IMG_2031.jpg,g,i,d,gid
220,paleta_3,paleta,IMG_2032.jpg,g,i,d,gid
221,paleta_3,paleta,IMG_2033.jpg,g,i,d,gid
222,paleta_4,paleta,IMG_2034.jpg,g,i,d,gid
223,paleta_4,paleta,IMG_2035.jpg,g,i,d,gid
224,paleta_4,paleta,IMG_2036.jpg,g,i,d,gid
225,paleta_0,paleta,IMG_2037.jpg,w,o,d,wod
226,paleta_0,paleta,IMG_2038.jpg,w,o,d,wod
227,paleta_0,paleta,IMG_2039.jpg,w,o,d,wod
228,paleta_1,paleta,IMG_2041.jpg,w,o,d,wod
229,paleta_1,paleta,IMG_2042.jpg,w,o,d,wod
230,paleta_1,paleta,IMG_2043.jpg,w,o,d,wod
231,paleta_2,paleta,IMG_2044.jpg,w,o,d,wod
232,paleta_2,paleta,IMG_2045.jpg,w,o,d,wod
233,paleta_2,paleta,IMG_2046.jpg,w,o,d,wod
234,paleta_3,paleta,IMG_2047.jpg,w,o,d,wod
235,paleta_3,paleta,IMG_2048.jpg,w,o,d,wod
236,paleta_3,paleta,IMG_2049.jpg,w,o,d,wod
237,paleta_4,paleta,IMG_2050.jpg,w,o,d,wod
238,paleta_4,paleta,IMG_2051.jpg,w,o,d,wod
239,paleta_4,paleta,IMG_2052.jpg,w,o,d,wod
240,paleta_0,paleta,IMG_2053.jpg,b,o,d,bod
241,paleta_0,paleta,IMG_2054.jpg,b,o,d,bod
242,paleta_0,paleta,IMG_2055.jpg,b,o,d,bod
243,paleta_1,paleta,IMG_2056.jpg,b,o,d,bod
244,paleta_1,paleta,IMG_2057.jpg,b,o,d,bod
245,paleta_1,paleta,IMG_2058.jpg,b,o,d,bod
246,paleta_2,paleta,IMG_2059.jpg,b,o,d,bod
247,paleta_2,paleta,IMG_2060.jpg,b,o,d,bod
248,paleta_2,paleta,IMG_2061.jpg,b,o,d,bod
249,paleta_3,paleta,IMG_2062.jpg,b,o,d,bod
250,paleta_3,paleta,IMG_2063.jpg,b,o,d,bod
251,paleta_3,paleta,IMG_2064.jpg,b,o,d,bod
252,paleta_4,paleta,IMG_2065.jpg,b,o,d,bod
253,paleta_4,paleta,IMG_2066.jpg,b,o,d,bod
254,paleta_4,paleta,IMG_2067.jpg,b,o,d,bod
255,paleta_0,paleta,IMG_2068.jpg,g,o,d,god
256,paleta_0,paleta,IMG_2069.jpg,g,o,d,god
257,paleta_0,paleta,IMG_2070.jpg,g,o,d,god
258,paleta_1,paleta,IMG_2071.jpg,g,o,d,god
259,paleta_1,paleta,IMG_2072.jpg,g,o,d,god
260,paleta_1,paleta,IMG_2073.jpg,g,o,d,god
261,paleta_2,paleta,IMG_2074.jpg,g,o,d,god
262,paleta_2,paleta,IMG_2075.jpg,g,o,d,god
263,paleta_2,paleta,IMG_2076.jpg,g,o,d,god
264,paleta_3,paleta,IMG_2077.jpg,g,o,d,god
265,paleta_3,paleta,IMG_2078.jpg,g,o,d,god
266,paleta_3,paleta,IMG_2079.jpg,g,o,d,god
267,paleta_4,paleta,IMG_2080.jpg,g,o,d,god
268,paleta_4,paleta,IMG_2081.jpg,g,o,d,god
269,paleta_4,paleta,IMG_2082.jpg,g,o,d,god
270,batom_0,batom,IMG_2084.jpg,b,i,n,bin
271,batom_0,batom,IMG_2086.jpg,b,i,n,bin
272,batom_0,batom,IMG_2087.jpg,b,i,n,bin
273,batom_1,batom,IMG_2088.jpg,b,i,n,bin
274,batom_1,batom,IMG_2089.jpg,b,i,n,bin
275,batom_1,batom,IMG_2090.jpg,b,i,n,bin
276,batom_2,batom,IMG_2091.jpg,b,i,n,bin
277,batom_2,batom,IMG_2092.jpg,b,i,n,bin
278,batom_2,batom,IMG_2093.jpg,b,i,n,bin
279,batom_3,batom,IMG_2094.jpg,b,i,n,bin
280,batom_3,batom,IMG_2095.jpg,b,i,n,bin
281,batom_3,batom,IMG_2096.jpg,b,i,n,bin
282,batom_4,batom,IMG_2097.jpg,b,i,n,bin
283,batom_4,batom,IMG_2098.jpg,b,i,n,bin
284,batom_4,batom,IMG_2099.jpg,b,i,n,bin
285,batom_5,batom,IMG_2100.jpg,b,i,n,bin
286,batom_5,batom,IMG_2101.jpg,b,i,n,bin
287,batom_5,batom,IMG_2102.jpg,b,i,n,bin
288,batom_0,batom,IMG_2103.jpg,b,o,n,bon
289,batom_0,batom,IMG_2104.jpg,b,o,n,bon
290,batom_0,batom,IMG_2105.jpg,b,o,n,bon
291,batom_1,batom,IMG_2106.jpg,b,o,n,bon
292,batom_1,batom,IMG_2107.jpg,b,o,n,bon
293,batom_1,batom,IMG_2108.jpg,b,o,n,bon
294,batom_2,batom,IMG_2109.jpg,b,o,n,bon
295,batom_2,batom,IMG_2110.jpg,b,o,n,bon
296,batom_2,batom,IMG_2111.jpg,b,o,n,bon
297,batom_3,batom,IMG_2112.jpg,b,o,n,bon
298,batom_3,batom,IMG_2113.jpg,b,o,n,bon
299,batom_3,batom,IMG_2114.jpg,b,o,n,bon
300,batom_4,batom,IMG_2115.jpg,b,o,n,bon
301,batom_4,batom,IMG_2116.jpg,b,o,n,bon
302,batom_4,batom,IMG_2117.jpg,b,o,n,bon
303,batom_5,batom,IMG_2118.jpg,b,o,n,bon
304,batom_5,batom,IMG_2119.jpg,b,o,n,bon
305,batom_5,batom,IMG_2120.jpg,b,o,n,bon
306,paleta_0,paleta,IMG_2121.jpg,w,o,n,won
307,paleta_0,paleta,IMG_2122.jpg,w,o,n,won
308,paleta_0,paleta,IMG_2123.jpg,w,o,n,won
309,paleta_1,paleta,IMG_2124.jpg,w,o,n,won
310,paleta_1,paleta,IMG_2125.jpg,w,o,n,won
311,paleta_1,paleta,IMG_2126.jpg,w,o,n,won
312,paleta_2,paleta,IMG_2127.jpg,w,o,n,won
313,paleta_2,paleta,IMG_2128.jpg,w,o,n,won
314,paleta_2,paleta,IMG_2129.jpg,w,o,n,won
315,paleta_3,paleta,IMG_2130.jpg,w,o,n,won
316,paleta_3,paleta,IMG_2131.jpg,w,o,n,won
317,paleta_3,paleta,IMG_2132.jpg,w,o,n,won
318,paleta_4,paleta,IMG_2133.jpg,w,o,n,won
319,paleta_4,paleta,IMG_2134.jpg,w,o,n,won
320,paleta_4,paleta,IMG_2135.jpg,w,o,n,won
321,paleta_0,paleta,IMG_2141.jpg,b,o,n,bon
322,paleta_0,paleta,IMG_2142.jpg,b,o,n,bon
323,paleta_0,paleta,IMG_2143.jpg,b,o,n,bon
324,paleta_1,paleta,IMG_2144.jpg,b,o,n,bon
325,paleta_1,paleta,IMG_2145.jpg,b,o,n,bon
326,paleta_1,paleta,IMG_2146.jpg,b,o,n,bon
327,paleta_2,paleta,IMG_2147.jpg,b,o,n,bon
328,paleta_2,paleta,IMG_2148.jpg,b,o,n,bon
329,paleta_2,paleta,IMG_2149.jpg,b,o,n,bon
330,paleta_3,paleta,IMG_2150.jpg,b,o,n,bon
331,paleta_3,paleta,IMG_2151.jpg,b,o,n,bon
332,paleta_3,paleta,IMG_2152.jpg,b,o,n,bon
333,paleta_4,paleta,IMG_2153.jpg,b,o,n,bon
334,paleta_4,paleta,IMG_2154.jpg,b,o,n,bon
335,paleta_4,paleta,IMG_2155.jpg,b,o,n,bon
336,paleta_0,paleta,IMG_2156.jpg,g,o,n,gon
337,paleta_0,paleta,IMG_2157.jpg,g,o,n,gon
338,paleta_0,paleta,IMG_2158.jpg,g,o,n,gon
339,paleta_1,paleta,IMG_2159.jpg,g,o,n,gon
340,paleta_1,paleta,IMG_2160.jpg,g,o,n,gon
341,paleta_1,paleta,IMG_2161.jpg,g,o,n,gon
342,paleta_2,paleta,IMG_2162.jpg,g,o,n,gon
343,paleta_2,paleta,IMG_2163.jpg,g,o,n,gon
344,paleta_2,paleta,IMG_2164.jpg,g,o,n,gon
345,paleta_3,paleta,IMG_2165.jpg,g,o,n,gon
346,paleta_3,paleta,IMG_2166.jpg,g,o,n,gon
347,paleta_3,paleta,IMG_2167.jpg,g,o,n,gon
348,paleta_4,paleta,IMG_2168.jpg,g,o,n,gon
349,paleta_4,paleta,IMG_2169.jpg,g,o,n,gon
350,paleta_4,paleta,IMG_2170.jpg,g,o,n,gon
351,paleta_0,paleta,IMG_2171.jpg,w,i,n,win
352,paleta_0,paleta,IMG_2172.jpg,w,i,n,win
353,paleta_0,paleta,IMG_2173.jpg,w,i,n,win
354,paleta_1,paleta,IMG_2175.jpg,w,i,n,win
355,paleta_1,paleta,IMG_2176.jpg,w,i,n,win
356,paleta_1,paleta,IMG_2177.jpg,w,i,n,win
357,paleta_2,paleta,IMG_2178.jpg,w,i,n,win
358,paleta_2,paleta,IMG_2179.jpg,w,i,n,win
359,paleta_2,paleta,IMG_2180.jpg,w,i,n,win
360,paleta_3,paleta,IMG_2181.jpg,w,i,n,win
361,paleta_3,paleta,IMG_2182.jpg,w,i,n,win
362,paleta_3,paleta,IMG_2183.jpg,w,i,n,win
363,paleta_4,paleta,IMG_2184.jpg,w,i,n,win
364,paleta_4,paleta,IMG_2185.jpg,w,i,n,win
365,paleta_4,paleta,IMG_2186.jpg,w,i,n,win
366,paleta_0,paleta,IMG_2187.jpg,b,i,n,bin
367,paleta_0,paleta,IMG_2188.jpg,b,i,n,bin
368,paleta_0,paleta,IMG_2189.jpg,b,i,n,bin
369,paleta_1,paleta,IMG_2190.jpg,b,i,n,bin
370,paleta_1,paleta,IMG_2191.jpg,b,i,n,bin
371,paleta_1,paleta,IMG_2192.jpg,b,i,n,bin
372,paleta_2,paleta,IMG_2193.jpg,b,i,n,bin
373,paleta_2,paleta,IMG_2194.jpg,b,i,n,bin
374,paleta_2,paleta,IMG_2195.jpg,b,i,n,bin
375,paleta_3,paleta,IMG_2196.jpg,b,i,n,bin
376,paleta_3,paleta,IMG_2197.jpg,b,i,n,bin
377,paleta_3,paleta,IMG_2198.jpg,b,i,n,bin
378,paleta_4,paleta,IMG_2199.jpg,b,i,n,bin
379,paleta_4,paleta,IMG_2200.jpg,b,i,n,bin
380,paleta_4,paleta,IMG_2201.jpg,b,i,n,bin
381,paleta_0,paleta,IMG_2202.jpg,g,i,n,gin
382,paleta_0,paleta,IMG_2203.jpg,g,i,n,gin
383,paleta_0,paleta,IMG_2204.jpg,g,i,n,gin
384,paleta_1,paleta,IMG_2205.jpg,g,i,n,gin
385,paleta_1,paleta,IMG_2206.jpg,g,i,n,gin
386,paleta_1,paleta,IMG_2207.jpg,g,i,n,gin
387,paleta_2,paleta,IMG_2208.jpg,g,i,n,gin
388,paleta_2,paleta,IMG_2209.jpg,g,i,n,gin
389,paleta_2,paleta,IMG_2210.jpg,g,i,n,gin
390,paleta_3,paleta,IMG_2211.jpg,g,i,n,gin
391,paleta_3,paleta,IMG_2212.jpg,g,i,n,gin
392,paleta_3,paleta,IMG_2213.jpg,g,i,n,gin
393,paleta_4,paleta,IMG_2214.jpg,g,i,n,gin
394,paleta_4,paleta,IMG_2215.jpg,g,i,n,gin
395,paleta_4,paleta,IMG_2216.jpg,g,i,n,gin
396,pincel_0,pincel,IMG_2245.jpg,w,i,d,wid
397,pincel_0,pincel,IMG_2246.jpg,w,i,d,wid
398,pincel_0,pincel,IMG_2247.jpg,w,i,d,wid
399,pincel_1,pincel,IMG_2248.jpg,w,i,d,wid
400,pincel_1,pincel,IMG_2249.jpg,w,i,d,wid
401,pincel_1,pincel,IMG_2250.jpg,w,i,d,wid
402,pincel_2,pincel,IMG_2251.jpg,w,i,d,wid
403,pincel_2,pincel,IMG_2252.jpg,w,i,d,wid
404,pincel_2,pincel,IMG_2253.jpg,w,i,d,wid
405,pincel_3,pincel,IMG_2254.jpg,w,i,d,wid
406,pincel_3,pincel,IMG_2255.jpg,w,i,d,wid
407,pincel_3,pincel,IMG_2256.jpg,w,i,d,wid
408,pincel_4,pincel,IMG_2257.jpg,w,i,d,wid
409,pincel_4,pincel,IMG_2258.jpg,w,i,d,wid
410,pincel_4,pincel,IMG_2259.jpg,w,i,d,wid
411,pincel_5,pincel,IMG_2260.jpg,w,i,d,wid
412,pincel_5,pincel,IMG_2261.jpg,w,i,d,wid
413,pincel_5,pincel,IMG_2262.jpg,w,i,d,wid
414,pincel_0,pincel,IMG_2263.jpg,b,i,d,bid
415,pincel_0,pincel,IMG_2264.jpg,b,i,d,bid
416,pincel_0,pincel,IMG_2265.jpg,b,i,d,bid
417,pincel_1,pincel,IMG_2266.jpg,b,i,d,bid
418,pincel_1,pincel,IMG_2267.jpg,b,i,d,bid
419,pincel_1,pincel,IMG_2268.jpg,b,i,d,bid
420,pincel_2,pincel,IMG_2269.jpg,b,i,d,bid
421,pincel_2,pincel,IMG_2270.jpg,b,i,d,bid
422,pincel_2,pincel,IMG_2271.jpg,b,i,d,bid
423,pincel_3,pincel,IMG_2272.jpg,b,i,d,bid
424,pincel_3,pincel,IMG_2273.jpg,b,i,d,bid
425,pincel_3,pincel,IMG_2274.jpg,b,i,d,bid
426,pincel_4,pincel,IMG_2275.jpg,b,i,d,bid
427,pincel_4,pincel,IMG_2276.jpg,b,i,d,bid
428,pincel_4,pincel,IMG_2277.jpg,b,i,d,bid
429,pincel_5,pincel,IMG_2278.jpg,b,i,d,bid
430,pincel_5,pincel,IMG_2279.jpg,b,i,d,bid
431,pincel_5,pincel,IMG_2280.jpg,b,i,d,bid
432,pincel_0,pincel,IMG_2281.jpg,g,i,d,gid
433,pincel_0,pincel,IMG_2282.jpg,g,i,d,gid
434,pincel_0,pincel,IMG_2283.jpg,g,i,d,gid
435,pincel_1,pincel,IMG_2284.jpg,g,i,d,gid
436,pincel_1,pincel,IMG_2285.jpg,g,i,d,gid
437,pincel_1,pincel,IMG_2286.jpg,g,i,d,gid
438,pincel_2,pincel,IMG_2287.jpg,g,i,d,gid
439,pincel_2,pincel,IMG_2288.jpg,g,i,d,gid
440,pincel_2,pincel,IMG_2289.jpg,g,i,d,gid
441,pincel_3,pincel,IMG_2290.jpg,g,i,d,gid
442,pincel_3,pincel,IMG_2291.jpg,g,i,d,gid
443,pincel_3,pincel,IMG_2292.jpg,g,i,d,gid
444,pincel_4,pincel,IMG_2293.jpg,g,i,d,gid
445,pincel_4,pincel,IMG_2294.jpg,g,i,d,gid
446,pincel_4,pincel,IMG_2295.jpg,g,i,d,gid
447,pincel_5,pincel,IMG_2296.jpg,g,i,d,gid
448,pincel_5,pincel,IMG_2297.jpg,g,i,d,gid
449,pincel_5,pincel,IMG_2298.jpg,g,i,d,gid
450,pincel_0,pincel,IMG_2299.jpg,w,o,d,wod
451,pincel_0,pincel,IMG_2300.jpg,w,o,d,wod
452,pincel_0,pincel,IMG_2301.jpg,w,o,d,wod
453,pincel_1,pincel,IMG_2302.jpg,w,o,d,wod
454,pincel_1,pincel,IMG_2303.jpg,w,o,d,wod
455,pincel_1,pincel,IMG_2304.jpg,w,o,d,wod
456,pincel_2,pincel,IMG_2305.jpg,w,o,d,wod
457,pincel_2,pincel,IMG_2306.jpg,w,o,d,wod
458,pincel_2,pincel,IMG_2307.jpg,w,o,d,wod
459,pincel_3,pincel,IMG_2308.jpg,w,o,d,wod
460,pincel_3,pincel,IMG_2309.jpg,w,o,d,wod
461,pincel_3,pincel,IMG_2310.jpg,w,o,d,wod
462,pincel_4,pincel,IMG_2311.jpg,w,o,d,wod
463,pincel_4,pincel,IMG_2312.jpg,w,o,d,wod
464,pincel_4,pincel,IMG_2313.jpg,w,o,d,wod
465,pincel_5,pincel,IMG_2314.jpg,w,o,d,wod
466,pincel_5,pincel,IMG_2315.jpg,w,o,d,wod
467,pincel_5,pincel,IMG_2316.jpg,w,o,d,wod
468,pincel_0,pincel,IMG_2317.jpg,b,o,d,bod
469,pincel_0,pincel,IMG_2318.jpg,b,o,d,bod
470,pincel_0,pincel,IMG_2319.jpg,b,o,d,bod
471,pincel_1,pincel,IMG_2320.jpg,b,o,d,bod
472,pincel_1,pincel,IMG_2321.jpg,b,o,d,bod
473,pincel_1,pincel,IMG_2322.jpg,b,o,d,bod
474,pincel_2,pincel,IMG_2323.jpg,b,o,d,bod
475,pincel_2,pincel,IMG_2324.jpg,b,o,d,bod
476,pincel_2,pincel,IMG_2325.jpg,b,o,d,bod
477,pincel_3,pincel,IMG_2326.jpg,b,o,d,bod
478,pincel_3,pincel,IMG_2327.jpg,b,o,d,bod
479,pincel_3,pincel,IMG_2328.jpg,b,o,d,bod
480,pincel_4,pincel,IMG_2329.jpg,b,o,d,bod
481,pincel_4,pincel,IMG_2330.jpg,b,o,d,bod
482,pincel_4,pincel,IMG_2331.jpg,b,o,d,bod
483,pincel_5,pincel,IMG_2332.jpg,b,o,d,bod
484,pincel_5,pincel,IMG_2333.jpg,b,o,d,bod
485,pincel_5,pincel,IMG_2334.jpg,b,o,d,bod
486,pincel_0,pincel,IMG_2335.jpg,g,o,d,god
487,pincel_0,pincel,IMG_2336.jpg,g,o,d,god
488,pincel_0,pincel,IMG_2337.jpg,g,o,d,god
489,pincel_1,pincel,IMG_2338.jpg,g,o,d,god
490,pincel_1,pincel,IMG_2339.jpg,g,o,d,god
491,pincel_1,pincel,IMG_2340.jpg,g,o,d,god
492,pincel_2,pincel,IMG_2341.jpg,g,o,d,god
493,pincel_2,pincel,IMG_2342.jpg,g,o,d,god
494,pincel_2,pincel,IMG_2343.jpg,g,o,d,god
495,pincel_3,pincel,IMG_2344.jpg,g,o,d,god
496,pincel_3,pincel,IMG_2345.jpg,g,o,d,god
497,pincel_3,pincel,IMG_2346.jpg,g,o,d,god
498,pincel_4,pincel,IMG_2347.jpg,g,o,d,god
499,pincel_4,pincel,IMG_2348.jpg,g,o,d,god
500,pincel_4,pincel,IMG_2349.jpg,g,o,d,god
501,pincel_5,pincel,IMG_2350.jpg,g,o,d,god
502,pincel_5,pincel,IMG_2351.jpg,g,o,d,god
503,pincel_5,pincel,IMG_2352.jpg,g,o,d,god
504,caneta_0,caneta,IMG_2353.jpg,w,i,d,wid
505,caneta_0,caneta,IMG_2354.jpg,w,i,d,wid
506,caneta_0,caneta,IMG_2355.jpg,w,i,d,wid
507,caneta_1,caneta,IMG_2356.jpg,w,i,d,wid
508,caneta_1,caneta,IMG_2357.jpg,w,i,d,wid
509,caneta_1,caneta,IMG_2358.jpg,w,i,d,wid
510,caneta_2,caneta,IMG_2359.jpg,w,i,d,wid
511,caneta_2,caneta,IMG_2360.jpg,w,i,d,wid
512,caneta_2,caneta,IMG_2361.jpg,w,i,d,wid
513,caneta_3,caneta,IMG_2362.jpg,w,i,d,wid
514,caneta_3,caneta,IMG_2363.jpg,w,i,d,wid
515,caneta_3,caneta,IMG_2364.jpg,w,i,d,wid
516,caneta_4,caneta,IMG_2365.jpg,w,i,d,wid
517,caneta_4,caneta,IMG_2366.jpg,w,i,d,wid
518,caneta_4,caneta,IMG_2367.jpg,w,i,d,wid
519,caneta_0,caneta,IMG_2368.jpg,b,i,d,bid
520,caneta_0,caneta,IMG_2369.jpg,b,i,d,bid
521,caneta_0,caneta,IMG_2370.jpg,b,i,d,bid
522,caneta_1,caneta,IMG_2371.jpg,b,i,d,bid
523,caneta_1,caneta,IMG_2372.jpg,b,i,d,bid
524,caneta_1,caneta,IMG_2373.jpg,b,i,d,bid
525,caneta_2,caneta,IMG_2374.jpg,b,i,d,bid
526,caneta_2,caneta,IMG_2375.jpg,b,i,d,bid
527,caneta_2,caneta,IMG_2376.jpg,b,i,d,bid
528,caneta_3,caneta,IMG_2377.jpg,b,i,d,bid
529,caneta_3,caneta,IMG_2378.jpg,b,i,d,bid
530,caneta_3,caneta,IMG_2379.jpg,b,i,d,bid
531,caneta_4,caneta,IMG_2380.jpg,b,i,d,bid
532,caneta_4,caneta,IMG_2381.jpg,b,i,d,bid
533,caneta_4,caneta,IMG_2382.jpg,b,i,d,bid
534,caneta_0,caneta,IMG_2383.jpg,g,i,d,gid
535,caneta_0,caneta,IMG_2384.jpg,g,i,d,gid
536,caneta_0,caneta,IMG_2385.jpg,g,i,d,gid
537,caneta_1,caneta,IMG_2386.jpg,g,i,d,gid
538,caneta_1,caneta,IMG_2387.jpg,g,i,d,gid
539,caneta_1,caneta,IMG_2388.jpg,g,i,d,gid
540,caneta_2,caneta,IMG_2389.jpg,g,i,d,gid
541,caneta_2,caneta,IMG_2390.jpg,g,i,d,gid
542,caneta_2,caneta,IMG_2391.jpg,g,i,d,gid
543,caneta_3,caneta,IMG_2392.jpg,g,i,d,gid
544,caneta_3,caneta,IMG_2393.jpg,g,i,d,gid
545,caneta_3,caneta,IMG_2394.jpg,g,i,d,gid
546,caneta_4,caneta,IMG_2395.jpg,g,i,d,gid
547,caneta_4,caneta,IMG_2396.jpg,g,i,d,gid
548,caneta_4,caneta,IMG_2397.jpg,g,i,d,gid
549,caneta_0,caneta,IMG_2398.jpg,w,o,d,wod
550,caneta_0,caneta,IMG_2399.jpg,w,o,d,wod
551,caneta_0,caneta,IMG_2400.jpg,w,o,d,wod
552,caneta_1,caneta,IMG_2401.jpg,w,o,d,wod
553,caneta_1,caneta,IMG_2402.jpg,w,o,d,wod
554,caneta_1,caneta,IMG_2403.jpg,w,o,d,wod
555,caneta_2,caneta,IMG_2404.jpg,w,o,d,wod
556,caneta_2,caneta,IMG_2405.jpg,w,o,d,wod
557,caneta_2,caneta,IMG_2406.jpg,w,o,d,wod
558,caneta_3,caneta,IMG_2407.jpg,w,o,d,wod
559,caneta_3,caneta,IMG_2408.jpg,w,o,d,wod
560,caneta_3,caneta,IMG_2409.jpg,w,o,d,wod
561,caneta_4,caneta,IMG_2410.jpg,w,o,d,wod
562,caneta_4,caneta,IMG_2411.jpg,w,o,d,wod
563,caneta_4,caneta,IMG_2412.jpg,w,o,d,wod
564,caneta_0,caneta,IMG_2413.jpg,b,o,d,bod
565,caneta_0,caneta,IMG_2414.jpg,b,o,d,bod
566,caneta_0,caneta,IMG_2415.jpg,b,o,d,bod
567,caneta_1,caneta,IMG_2416.jpg,b,o,d,bod
568,caneta_1,caneta,IMG_2417.jpg,b,o,d,bod
569,caneta_1,caneta,IMG_2418.jpg,b,o,d,bod
570,caneta_2,caneta,IMG_2419.jpg,b,o,d,bod
571,caneta_2,caneta,IMG_2420.jpg,b,o,d,bod
572,caneta_2,caneta,IMG_2421.jpg,b,o,d,bod
573,caneta_3,caneta,IMG_2422.jpg,b,o,d,bod
574,caneta_3,caneta,IMG_2423.jpg,b,o,d,bod
575,caneta_3,caneta,IMG_2424.jpg,b,o,d,bod
576,caneta_4,caneta,IMG_2425.jpg,b,o,d,bod
577,caneta_4,caneta,IMG_2426.jpg,b,o,d,bod
578,caneta_4,caneta,IMG_2427.jpg,b,o,d,bod
579,caneta_0,caneta,IMG_2428.jpg,g,o,d,god
580,caneta_0,caneta,IMG_2429.jpg,g,o,d,god
581,caneta_0,caneta,IMG_2430.jpg,g,o,d,god
582,caneta_1,caneta,IMG_2431.jpg,g,o,d,god
583,caneta_1,caneta,IMG_2432.jpg,g,o,d,god
584,caneta_1,caneta,IMG_2433.jpg,g,o,d,god
585,caneta_2,caneta,IMG_2434.jpg,g,o,d,god
586,caneta_2,caneta,IMG_2435.jpg,g,o,d,god
587,caneta_2,caneta,IMG_2436.jpg,g,o,d,god
588,caneta_3,caneta,IMG_2437.jpg,g,o,d,god
589,caneta_3,caneta,IMG_2438.jpg,g,o,d,god
590,caneta_3,caneta,IMG_2439.jpg,g,o,d,god
591,caneta_4,caneta,IMG_2440.jpg,g,o,d,god
592,caneta_4,caneta,IMG_2441.jpg,g,o,d,god
593,caneta_4,caneta,IMG_2442.jpg,g,o,d,god
594,esmalte_0,esmalte,IMG_2443.jpg,w,i,d,wid
595,esmalte_0,esmalte,IMG_2444.jpg,w,i,d,wid
596,esmalte_0,esmalte,IMG_2445.jpg,w,i,d,wid
597,esmalte_1,esmalte,IMG_2449.jpg,w,i,d,wid
598,esmalte_1,esmalte,IMG_2450.jpg,w,i,d,wid
599,esmalte_1,esmalte,IMG_2451.jpg,w,i,d,wid
600,esmalte_2,esmalte,IMG_2452.jpg,w,i,d,wid
601,esmalte_2,esmalte,IMG_2453.jpg,w,i,d,wid
602,esmalte_2,esmalte,IMG_2454.jpg,w,i,d,wid
603,esmalte_3,esmalte,IMG_2455.jpg,w,i,d,wid
604,esmalte_3,esmalte,IMG_2456.jpg,w,i,d,wid
605,esmalte_3,esmalte,IMG_2457.jpg,w,i,d,wid
606,esmalte_4,esmalte,IMG_2458.jpg,w,i,d,wid
607,esmalte_4,esmalte,IMG_2459.jpg,w,i,d,wid
608,esmalte_4,esmalte,IMG_2460.jpg,w,i,d,wid
609,esmalte_5,esmalte,IMG_2461.jpg,w,i,d,wid
610,esmalte_5,esmalte,IMG_2462.jpg,w,i,d,wid
611,esmalte_5,esmalte,IMG_2463.jpg,w,i,d,wid
612,esmalte_6,esmalte,IMG_2464.jpg,w,i,d,wid
613,esmalte_6,esmalte,IMG_2465.jpg,w,i,d,wid
614,esmalte_6,esmalte,IMG_2466.jpg,w,i,d,wid
615,esmalte_0,esmalte,IMG_2467.jpg,b,i,d,bid
616,esmalte_0,esmalte,IMG_2468.jpg,b,i,d,bid
617,esmalte_0,esmalte,IMG_2469.jpg,b,i,d,bid
618,esmalte_1,esmalte,IMG_2470.jpg,b,i,d,bid
619,esmalte_1,esmalte,IMG_2471.jpg,b,i,d,bid
620,esmalte_1,esmalte,IMG_2472.jpg,b,i,d,bid
621,esmalte_2,esmalte,IMG_2473.jpg,b,i,d,bid
622,esmalte_2,esmalte,IMG_2474.jpg,b,i,d,bid
623,esmalte_2,esmalte,IMG_2475.jpg,b,i,d,bid
624,esmalte_3,esmalte,IMG_2476.jpg,b,i,d,bid
625,esmalte_3,esmalte,IMG_2477.jpg,b,i,d,bid
626,esmalte_3,esmalte,IMG_2478.jpg,b,i,d,bid
627,esmalte_4,esmalte,IMG_2479.jpg,b,i,d,bid
628,esmalte_4,esmalte,IMG_2480.jpg,b,i,d,bid
629,esmalte_4,esmalte,IMG_2481.jpg,b,i,d,bid
630,esmalte_5,esmalte,IMG_2482.jpg,b,i,d,bid
631,esmalte_5,esmalte,IMG_2483.jpg,b,i,d,bid
632,esmalte_5,esmalte,IMG_2484.jpg,b,i,d,bid
633,esmalte_6,esmalte,IMG_2485.jpg,b,i,d,bid
634,esmalte_6,esmalte,IMG_2486.jpg,b,i,d,bid
635,esmalte_6,esmalte,IMG_2487.jpg,b,i,d,bid
636,esmalte_0,esmalte,IMG_2488.jpg,g,i,d,gid
637,esmalte_0,esmalte,IMG_2489.jpg,g,i,d,gid
638,esmalte_0,esmalte,IMG_2490.jpg,g,i,d,gid
639,esmalte_1,esmalte,IMG_2491.jpg,g,i,d,gid
640,esmalte_1,esmalte,IMG_2492.jpg,g,i,d,gid
641,esmalte_1,esmalte,IMG_2493.jpg,g,i,d,gid
642,esmalte_2,esmalte,IMG_2494.jpg,g,i,d,gid
643,esmalte_2,esmalte,IMG_2495.jpg,g,i,d,gid
644,esmalte_2,esmalte,IMG_2496.jpg,g,i,d,gid
645,esmalte_3,esmalte,IMG_2497.jpg,g,i,d,gid
646,esmalte_3,esmalte,IMG_2498.jpg,g,i,d,gid
647,esmalte_3,esmalte,IMG_2499.jpg,g,i,d,gid
648,esmalte_4,esmalte,IMG_2500.jpg,g,i,d,gid
649,esmalte_4,esmalte,IMG_2501.jpg,g,i,d,gid
650,esmalte_4,esmalte,IMG_2502.jpg,g,i,d,gid
651,esmalte_5,esmalte,IMG_2503.jpg,g,i,d,gid
652,esmalte_5,esmalte,IMG_2504.jpg,g,i,d,gid
653,esmalte_5,esmalte,IMG_2505.jpg,g,i,d,gid
654,esmalte_6,esmalte,IMG_2506.jpg,g,i,d,gid
655,esmalte_6,esmalte,IMG_2507.jpg,g,i,d,gid
656,esmalte_6,esmalte,IMG_2509.jpg,g,i,d,gid
657,esmalte_0,esmalte,IMG_2511.jpg,w,o,d,wod
658,esmalte_0,esmalte,IMG_2512.jpg,w,o,d,wod
659,esmalte_0,esmalte,IMG_2513.jpg,w,o,d,wod
660,esmalte_1,esmalte,IMG_2514.jpg,w,o,d,wod
661,esmalte_1,esmalte,IMG_2515.jpg,w,o,d,wod
662,esmalte_1,esmalte,IMG_2516.jpg,w,o,d,wod
663,esmalte_2,esmalte,IMG_2517.jpg,w,o,d,wod
664,esmalte_2,esmalte,IMG_2518.jpg,w,o,d,wod
665,esmalte_2,esmalte,IMG_2519.jpg,w,o,d,wod
666,esmalte_3,esmalte,IMG_2520.jpg,w,o,d,wod
667,esmalte_3,esmalte,IMG_2521.jpg,w,o,d,wod
668,esmalte_3,esmalte,IMG_2522.jpg,w,o,d,wod
669,esmalte_4,esmalte,IMG_2523.jpg,w,o,d,wod
670,esmalte_4,esmalte,IMG_2524.jpg,w,o,d,wod
671,esmalte_4,esmalte,IMG_2525.jpg,w,o,d,wod
672,esmalte_5,esmalte,IMG_2526.jpg,w,o,d,wod
673,esmalte_5,esmalte,IMG_2527.jpg,w,o,d,wod
674,esmalte_5,esmalte,IMG_2528.jpg,w,o,d,wod
675,esmalte_6,esmalte,IMG_2529.jpg,w,o,d,wod
676,esmalte_6,esmalte,IMG_2530.jpg,w,o,d,wod
677,esmalte_6,esmalte,IMG_2531.jpg,w,o,d,wod
678,esmalte_0,esmalte,IMG_2532.jpg,b,o,d,bod
679,esmalte_0,esmalte,IMG_2533.jpg,b,o,d,bod
680,esmalte_0,esmalte,IMG_2534.jpg,b,o,d,bod
681,esmalte_1,esmalte,IMG_2535.jpg,b,o,d,bod
682,esmalte_1,esmalte,IMG_2536.jpg,b,o,d,bod
683,esmalte_1,esmalte,IMG_2537.jpg,b,o,d,bod
684,esmalte_2,esmalte,IMG_2538.jpg,b,o,d,bod
685,esmalte_2,esmalte,IMG_2539.jpg,b,o,d,bod
686,esmalte_2,esmalte,IMG_2540.jpg,b,o,d,bod
687,esmalte_3,esmalte,IMG_2541.jpg,b,o,d,bod
688,esmalte_3,esmalte,IMG_2542.jpg,b,o,d,bod
689,esmalte_3,esmalte,IMG_2543.jpg,b,o,d,bod
690,esmalte_4,esmalte,IMG_2544.jpg,b,o,d,bod
691,esmalte_4,esmalte,IMG_2545.jpg,b,o,d,bod
692,esmalte_4,esmalte,IMG_2546.jpg,b,o,d,bod
693,esmalte_5,esmalte,IMG_2547.jpg,b,o,d,bod
694,esmalte_5,esmalte,IMG_2548.jpg,b,o,d,bod
695,esmalte_5,esmalte,IMG_2549.jpg,b,o,d,bod
696,esmalte_6,esmalte,IMG_2550.jpg,b,o,d,bod
697,esmalte_6,esmalte,IMG_2551.jpg,b,o,d,bod
698,esmalte_6,esmalte,IMG_2552.jpg,b,o,d,bod
699,esmalte_0,esmalte,IMG_2553.jpg,g,o,d,god
700,esmalte_0,esmalte,IMG_2554.jpg,g,o,d,god
701,esmalte_0,esmalte,IMG_2555.jpg,g,o,d,god
702,esmalte_1,esmalte,IMG_2556.jpg,g,o,d,god
703,esmalte_1,esmalte,IMG_2557.jpg,g,o,d,god
704,esmalte_1,esmalte,IMG_2558.jpg,g,o,d,god
705,esmalte_2,esmalte,IMG_2559.jpg,g,o,d,god
706,esmalte_2,esmalte,IMG_2560.jpg,g,o,d,god
707,esmalte_2,esmalte,IMG_2561.jpg,g,o,d,god
708,esmalte_3,esmalte,IMG_2562.jpg,g,o,d,god
709,esmalte_3,esmalte,IMG_2563.jpg,g,o,d,god
710,esmalte_3,esmalte,IMG_2564.jpg,g,o,d,god
711,esmalte_4,esmalte,IMG_2565.jpg,g,o,d,god
712,esmalte_4,esmalte,IMG_2566.jpg,g,o,d,god
713,esmalte_4,esmalte,IMG_2567.jpg,g,o,d,god
714,esmalte_5,esmalte,IMG_2568.jpg,g,o,d,god
715,esmalte_5,esmalte,IMG_2569.jpg,g,o,d,god
716,esmalte_5,esmalte,IMG_2570.jpg,g,o,d,god
717,esmalte_6,esmalte,IMG_2571.jpg,g,o,d,god
718,esmalte_6,esmalte,IMG_2572.jpg,g,o,d,god
719,esmalte_6,esmalte,IMG_2573.jpg,g,o,d,god
720,caneta_0,caneta,IMG_2684.jpg,w,i,n,win
721,caneta_0,caneta,IMG_2685.jpg,w,i,n,win
722,caneta_0,caneta,IMG_2686.jpg,w,i,n,win
723,caneta_1,caneta,IMG_2687.jpg,w,i,n,win
724,caneta_1,caneta,IMG_2688.jpg,w,i,n,win
725,caneta_1,caneta,IMG_2689.jpg,w,i,n,win
726,caneta_2,caneta,IMG_2690.jpg,w,i,n,win
727,caneta_2,caneta,IMG_2691.jpg,w,i,n,win
728,caneta_2,caneta,IMG_2692.jpg,w,i,n,win
729,caneta_3,caneta,IMG_2695.jpg,w,i,n,win
730,caneta_3,caneta,IMG_2696.jpg,w,i,n,win
731,caneta_3,caneta,IMG_2697.jpg,w,i,n,win
732,caneta_4,caneta,IMG_2698.jpg,w,i,n,win
733,caneta_4,caneta,IMG_2699.jpg,w,i,n,win
734,caneta_4,caneta,IMG_2700.jpg,w,i,n,win
735,caneta_0,caneta,IMG_2701.jpg,b,i,n,bin
736,caneta_0,caneta,IMG_2702.jpg,b,i,n,bin
737,caneta_0,caneta,IMG_2703.jpg,b,i,n,bin
738,caneta_1,caneta,IMG_2704.jpg,b,i,n,bin
739,caneta_1,caneta,IMG_2705.jpg,b,i,n,bin
740,caneta_1,caneta,IMG_2706.jpg,b,i,n,bin
741,caneta_2,caneta,IMG_2707.jpg,b,i,n,bin
742,caneta_2,caneta,IMG_2708.jpg,b,i,n,bin
743,caneta_2,caneta,IMG_2709.jpg,b,i,n,bin
744,caneta_3,caneta,IMG_2710.jpg,b,i,n,bin
745,caneta_3,caneta,IMG_2711.jpg,b,i,n,bin
746,caneta_3,caneta,IMG_2712.jpg,b,i,n,bin
747,caneta_4,caneta,IMG_2713.jpg,b,i,n,bin
748,caneta_4,caneta,IMG_2714.jpg,b,i,n,bin
749,caneta_4,caneta,IMG_2715.jpg,b,i,n,bin
750,caneta_0,caneta,IMG_2716.jpg,g,i,n,gin
751,caneta_0,caneta,IMG_2717.jpg,g,i,n,gin
752,caneta_0,caneta,IMG_2718.jpg,g,i,n,gin
753,caneta_1,caneta,IMG_2719.jpg,g,i,n,gin
754,caneta_1,caneta,IMG_2720.jpg,g,i,n,gin
755,caneta_1,caneta,IMG_2721.jpg,g,i,n,gin
756,caneta_2,caneta,IMG_2722.jpg,g,i,n,gin
757,caneta_2,caneta,IMG_2723.jpg,g,i,n,gin
758,caneta_2,caneta,IMG_2724.jpg,g,i,n,gin
759,caneta_3,caneta,IMG_2727.jpg,g,i,n,gin
760,caneta_3,caneta,IMG_2728.jpg,g,i,n,gin
761,caneta_3,caneta,IMG_2729.jpg,g,i,n,gin
762,caneta_4,caneta,IMG_2730.jpg,g,i,n,gin
763,caneta_4,caneta,IMG_2731.jpg,g,i,n,gin
764,caneta_4,caneta,IMG_2732.jpg,g,i,n,gin
765,caneta_0,caneta,IMG_2733.jpg,w,o,n,won
766,caneta_0,caneta,IMG_2734.jpg,w,o,n,won
767,caneta_0,caneta,IMG_2735.jpg,w,o,n,won
768,caneta_1,caneta,IMG_2736.jpg,w,o,n,won
769,caneta_1,caneta,IMG_2737.jpg,w,o,n,won
770,caneta_1,caneta,IMG_2738.jpg,w,o,n,won
771,caneta_2,caneta,IMG_2739.jpg,w,o,n,won
772,caneta_2,caneta,IMG_2740.jpg,w,o,n,won
773,caneta_2,caneta,IMG_2741.jpg,w,o,n,won
774,caneta_3,caneta,IMG_2742.jpg,w,o,n,won
775,caneta_3,caneta,IMG_2743.jpg,w,o,n,won
776,caneta_3,caneta,IMG_2744.jpg,w,o,n,won
777,caneta_4,caneta,IMG_2745.jpg,w,o,n,won
778,caneta_4,caneta,IMG_2746.jpg,w,o,n,won
779,caneta_4,caneta,IMG_2747.jpg,w,o,n,won
780,caneta_0,caneta,IMG_2748.jpg,b,o,n,bon
781,caneta_0,caneta,IMG_2749.jpg,b,o,n,bon
782,caneta_0,caneta,IMG_2750.jpg,b,o,n,bon
783,caneta_1,caneta,IMG_2751.jpg,b,o,n,bon
784,caneta_1,caneta,IMG_2752.jpg,b,o,n,bon
785,caneta_1,caneta,IMG_2753.jpg,b,o,n,bon
786,caneta_2,caneta,IMG_2754.jpg,b,o,n,bon
787,caneta_2,caneta,IMG_2755.jpg,b,o,n,bon
788,caneta_2,caneta,IMG_2756.jpg,b,o,n,bon
789,caneta_3,caneta,IMG_2759.jpg,b,o,n,bon
790,caneta_3,caneta,IMG_2760.jpg,b,o,n,bon
791,caneta_3,caneta,IMG_2761.jpg,b,o,n,bon
792,caneta_4,caneta,IMG_2762.jpg,b,o,n,bon
793,caneta_4,caneta,IMG_2763.jpg,b,o,n,bon
794,caneta_4,caneta,IMG_2764.jpg,b,o,n,bon
795,caneta_0,caneta,IMG_2765.jpg,g,o,n,gon
796,caneta_0,caneta,IMG_2766.jpg,g,o,n,gon
797,caneta_0,caneta,IMG_2767.jpg,g,o,n,gon
798,caneta_1,caneta,IMG_2768.jpg,g,o,n,gon
799,caneta_1,caneta,IMG_2769.jpg,g,o,n,gon
800,caneta_1,caneta,IMG_2770.jpg,g,o,n,gon
801,caneta_2,caneta,IMG_2771.jpg,g,o,n,gon
802,caneta_2,caneta,IMG_2772.jpg,g,o,n,gon
803,caneta_2,caneta,IMG_2773.jpg,g,o,n,gon
804,caneta_3,caneta,IMG_2774.jpg,g,o,n,gon
805,caneta_3,caneta,IMG_2775.jpg,g,o,n,gon
806,caneta_3,caneta,IMG_2776.jpg,g,o,n,gon
807,caneta_4,caneta,IMG_2777.jpg,g,o,n,gon
808,caneta_4,caneta,IMG_2778.jpg,g,o,n,gon
809,caneta_4,caneta,IMG_2779.jpg,g,o,n,gon
810,esmalte_0,esmalte,IMG_2781.jpg,w,i,n,win
811,esmalte_0,esmalte,IMG_2782.jpg,w,i,n,win
812,esmalte_0,esmalte,IMG_2783.jpg,w,i,n,win
813,esmalte_1,esmalte,IMG_2784.jpg,w,i,n,win
814,esmalte_1,esmalte,IMG_2785.jpg,w,i,n,win
815,esmalte_1,esmalte,IMG_2786.jpg,w,i,n,win
816,esmalte_2,esmalte,IMG_2787.jpg,w,i,n,win
817,esmalte_2,esmalte,IMG_2788.jpg,w,i,n,win
818,esmalte_2,esmalte,IMG_2789.jpg,w,i,n,win
819,esmalte_3,esmalte,IMG_2790.jpg,w,i,n,win
820,esmalte_3,esmalte,IMG_2791.jpg,w,i,n,win
821,esmalte_3,esmalte,IMG_2792.jpg,w,i,n,win
822,esmalte_4,esmalte,IMG_2793.jpg,w,i,n,win
823,esmalte_4,esmalte,IMG_2794.jpg,w,i,n,win
824,esmalte_4,esmalte,IMG_2795.jpg,w,i,n,win
825,esmalte_5,esmalte,IMG_2796.jpg,w,i,n,win
826,esmalte_5,esmalte,IMG_2797.jpg,w,i,n,win
827,esmalte_5,esmalte,IMG_2798.jpg,w,i,n,win
828,esmalte_6,esmalte,IMG_2799.jpg,w,i,n,win
829,esmalte_6,esmalte,IMG_2800.jpg,w,i,n,win
830,esmalte_6,esmalte,IMG_2801.jpg,w,i,n,win
831,esmalte_0,esmalte,IMG_2802.jpg,b,i,n,bin
832,esmalte_0,esmalte,IMG_2803.jpg,b,i,n,bin
833,esmalte_0,esmalte,IMG_2804.jpg,b,i,n,bin
834,esmalte_1,esmalte,IMG_2805.jpg,b,i,n,bin
835,esmalte_1,esmalte,IMG_2806.jpg,b,i,n,bin
836,esmalte_1,esmalte,IMG_2807.jpg,b,i,n,bin
837,esmalte_2,esmalte,IMG_2808.jpg,b,i,n,bin
838,esmalte_2,esmalte,IMG_2809.jpg,b,i,n,bin
839,esmalte_2,esmalte,IMG_2810.jpg,b,i,n,bin
840,esmalte_3,esmalte,IMG_2811.jpg,b,i,n,bin
841,esmalte_3,esmalte,IMG_2812.jpg,b,i,n,bin
842,esmalte_3,esmalte,IMG_2813.jpg,b,i,n,bin
843,esmalte_4,esmalte,IMG_2814.jpg,b,i,n,bin
844,esmalte_4,esmalte,IMG_2815.jpg,b,i,n,bin
845,esmalte_4,esmalte,IMG_2816.jpg,b,i,n,bin
846,esmalte_5,esmalte,IMG_2817.jpg,b,i,n,bin
847,esmalte_5,esmalte,IMG_2818.jpg,b,i,n,bin
848,esmalte_5,esmalte,IMG_2819.jpg,b,i,n,bin
849,esmalte_6,esmalte,IMG_2820.jpg,b,i,n,bin
850,esmalte_6,esmalte,IMG_2821.jpg,b,i,n,bin
851,esmalte_6,esmalte,IMG_2822.jpg,b,i,n,bin
852,esmalte_0,esmalte,IMG_2823.jpg,g,i,n,gin
853,esmalte_0,esmalte,IMG_2824.jpg,g,i,n,gin
854,esmalte_0,esmalte,IMG_2825.jpg,g,i,n,gin
855,esmalte_1,esmalte,IMG_2826.jpg,g,i,n,gin
856,esmalte_1,esmalte,IMG_2827.jpg,g,i,n,gin
857,esmalte_1,esmalte,IMG_2828.jpg,g,i,n,gin
858,esmalte_2,esmalte,IMG_2829.jpg,g,i,n,gin
859,esmalte_2,esmalte,IMG_2830.jpg,g,i,n,gin
860,esmalte_2,esmalte,IMG_2831.jpg,g,i,n,gin
861,esmalte_3,esmalte,IMG_2832.jpg,g,i,n,gin
862,esmalte_3,esmalte,IMG_2833.jpg,g,i,n,gin
863,esmalte_3,esmalte,IMG_2834.jpg,g,i,n,gin
864,esmalte_4,esmalte,IMG_2835.jpg,g,i,n,gin
865,esmalte_4,esmalte,IMG_2836.jpg,g,i,n,gin
866,esmalte_4,esmalte,IMG_2837.jpg,g,i,n,gin
867,esmalte_5,esmalte,IMG_2838.jpg,g,i,n,gin
868,esmalte_5,esmalte,IMG_2839.jpg,g,i,n,gin
869,esmalte_5,esmalte,IMG_2840.jpg,g,i,n,gin
870,esmalte_6,esmalte,IMG_2841.jpg,g,i,n,gin
871,esmalte_6,esmalte,IMG_2842.jpg,g,i,n,gin
872,esmalte_6,esmalte,IMG_2843.jpg,g,i,n,gin
873,esmalte_0,esmalte,IMG_2845.jpg,w,o,n,won
874,esmalte_0,esmalte,IMG_2846.jpg,w,o,n,won
875,esmalte_0,esmalte,IMG_2847.jpg,w,o,n,won
876,esmalte_1,esmalte,IMG_2848.jpg,w,o,n,won
877,esmalte_1,esmalte,IMG_2849.jpg,w,o,n,won
878,esmalte_1,esmalte,IMG_2850.jpg,w,o,n,won
879,esmalte_2,esmalte,IMG_2852.jpg,w,o,n,won
880,esmalte_2,esmalte,IMG_2853.jpg,w,o,n,won
881,esmalte_2,esmalte,IMG_2854.jpg,w,o,n,won
882,esmalte_3,esmalte,IMG_2855.jpg,w,o,n,won
883,esmalte_3,esmalte,IMG_2856.jpg,w,o,n,won
884,esmalte_3,esmalte,IMG_2857.jpg,w,o,n,won
885,esmalte_4,esmalte,IMG_2858.jpg,w,o,n,won
886,esmalte_4,esmalte,IMG_2859.jpg,w,o,n,won
887,esmalte_4,esmalte,IMG_2860.jpg,w,o,n,won
888,esmalte_5,esmalte,IMG_2861.jpg,w,o,n,won
889,esmalte_5,esmalte,IMG_2862.jpg,w,o,n,won
890,esmalte_5,esmalte,IMG_2863.jpg,w,o,n,won
891,esmalte_6,esmalte,IMG_2864.jpg,w,o,n,won
892,esmalte_6,esmalte,IMG_2865.jpg,w,o,n,won
893,esmalte_6,esmalte,IMG_2866.jpg,w,o,n,won
894,esmalte_0,esmalte,IMG_2867.jpg,b,o,n,bon
895,esmalte_0,esmalte,IMG_2868.jpg,b,o,n,bon
896,esmalte_0,esmalte,IMG_2869.jpg,b,o,n,bon
897,esmalte_1,esmalte,IMG_2870.jpg,b,o,n,bon
898,esmalte_1,esmalte,IMG_2871.jpg,b,o,n,bon
899,esmalte_1,esmalte,IMG_2872.jpg,b,o,n,bon
900,esmalte_2,esmalte,IMG_2873.jpg,b,o,n,bon
901,esmalte_2,esmalte,IMG_2874.jpg,b,o,n,bon
902,esmalte_2,esmalte,IMG_2875.jpg,b,o,n,bon
903,esmalte_3,esmalte,IMG_2876.jpg,b,o,n,bon
904,esmalte_3,esmalte,IMG_2877.jpg,b,o,n,bon
905,esmalte_3,esmalte,IMG_2878.jpg,b,o,n,bon
906,esmalte_4,esmalte,IMG_2879.jpg,b,o,n,bon
907,esmalte_4,esmalte,IMG_2880.jpg,b,o,n,bon
908,esmalte_4,esmalte,IMG_2881.jpg,b,o,n,bon
909,esmalte_5,esmalte,IMG_2882.jpg,b,o,n,bon
910,esmalte_5,esmalte,IMG_2883.jpg,b,o,n,bon
911,esmalte_5,esmalte,IMG_2884.jpg,b,o,n,bon
912,esmalte_6,esmalte,IMG_2885.jpg,b,o,n,bon
913,esmalte_6,esmalte,IMG_2886.jpg,b,o,n,bon
914,esmalte_6,esmalte,IMG_2887.jpg,b,o,n,bon
915,esmalte_0,esmalte,IMG_2889.jpg,g,o,n,gon
916,esmalte_0,esmalte,IMG_2890.jpg,g,o,n,gon
917,esmalte_0,esmalte,IMG_2891.jpg,g,o,n,gon
918,esmalte_1,esmalte,IMG_2892.jpg,g,o,n,gon
919,esmalte_1,esmalte,IMG_2893.jpg,g,o,n,gon
920,esmalte_1,esmalte,IMG_2894.jpg,g,o,n,gon
921,esmalte_2,esmalte,IMG_2895.jpg,g,o,n,gon
922,esmalte_2,esmalte,IMG_2896.jpg,g,o,n,gon
923,esmalte_2,esmalte,IMG_2897.jpg,g,o,n,gon
924,esmalte_3,esmalte,IMG_2898.jpg,g,o,n,gon
925,esmalte_3,esmalte,IMG_2899.jpg,g,o,n,gon
926,esmalte_3,esmalte,IMG_2900.jpg,g,o,n,gon
927,esmalte_4,esmalte,IMG_2901.jpg,g,o,n,gon
928,esmalte_4,esmalte,IMG_2902.jpg,g,o,n,gon
929,esmalte_4,esmalte,IMG_2903.jpg,g,o,n,gon
930,esmalte_5,esmalte,IMG_2904.jpg,g,o,n,gon
931,esmalte_5,esmalte,IMG_2905.jpg,g,o,n,gon
932,esmalte_5,esmalte,IMG_2906.jpg,g,o,n,gon
933,esmalte_6,esmalte,IMG_2907.jpg,g,o,n,gon
934,esmalte_6,esmalte,IMG_2908.jpg,g,o,n,gon
935,esmalte_6,esmalte,IMG_2909.jpg,g,o,n,gon
936,pincel_0,pincel,IMG_2574.jpg,w,i,n,win
937,pincel_0,pincel,IMG_2575.jpg,w,i,n,win
938,pincel_0,pincel,IMG_2576.jpg,w,i,n,win
939,pincel_1,pincel,IMG_2577.jpg,w,i,n,win
940,pincel_1,pincel,IMG_2578.jpg,w,i,n,win
941,pincel_1,pincel,IMG_2579.jpg,w,i,n,win
942,pincel_2,pincel,IMG_2580.jpg,w,i,n,win
943,pincel_2,pincel,IMG_2581.jpg,w,i,n,win
944,pincel_2,pincel,IMG_2582.jpg,w,i,n,win
945,pincel_3,pincel,IMG_2583.jpg,w,i,n,win
946,pincel_3,pincel,IMG_2584.jpg,w,i,n,win
947,pincel_3,pincel,IMG_2585.jpg,w,i,n,win
948,pincel_4,pincel,IMG_2586.jpg,w,i,n,win
949,pincel_4,pincel,IMG_2587.jpg,w,i,n,win
950,pincel_4,pincel,IMG_2588.jpg,w,i,n,win
951,pincel_5,pincel,IMG_2589.jpg,w,i,n,win
952,pincel_5,pincel,IMG_2590.jpg,w,i,n,win
953,pincel_5,pincel,IMG_2591.jpg,w,i,n,win
954,pincel_0,pincel,IMG_2592.jpg,b,i,n,bin
955,pincel_0,pincel,IMG_2593.jpg,b,i,n,bin
956,pincel_0,pincel,IMG_2594.jpg,b,i,n,bin
957,pincel_1,pincel,IMG_2595.jpg,b,i,n,bin
958,pincel_1,pincel,IMG_2596.jpg,b,i,n,bin
959,pincel_1,pincel,IMG_2597.jpg,b,i,n,bin
960,pincel_2,pincel,IMG_2598.jpg,b,i,n,bin
961,pincel_2,pincel,IMG_2599.jpg,b,i,n,bin
962,pincel_2,pincel,IMG_2600.jpg,b,i,n,bin
963,pincel_3,pincel,IMG_2601.jpg,b,i,n,bin
964,pincel_3,pincel,IMG_2602.jpg,b,i,n,bin
965,pincel_3,pincel,IMG_2603.jpg,b,i,n,bin
966,pincel_4,pincel,IMG_2604.jpg,b,i,n,bin
967,pincel_4,pincel,IMG_2605.jpg,b,i,n,bin
968,pincel_4,pincel,IMG_2606.jpg,b,i,n,bin
969,pincel_5,pincel,IMG_2607.jpg,b,i,n,bin
970,pincel_5,pincel,IMG_2608.jpg,b,i,n,bin
971,pincel_5,pincel,IMG_2609.jpg,b,i,n,bin
972,pincel_0,pincel,IMG_2610.jpg,g,i,n,gin
973,pincel_0,pincel,IMG_2611.jpg,g,i,n,gin
974,pincel_0,pincel,IMG_2612.jpg,g,i,n,gin
975,pincel_1,pincel,IMG_2613.jpg,g,i,n,gin
976,pincel_1,pincel,IMG_2614.jpg,g,i,n,gin
977,pincel_1,pincel,IMG_2615.jpg,g,i,n,gin
978,pincel_2,pincel,IMG_2616.jpg,g,i,n,gin
979,pincel_2,pincel,IMG_2617.jpg,g,i,n,gin
980,pincel_2,pincel,IMG_2618.jpg,g,i,n,gin
981,pincel_3,pincel,IMG_2619.jpg,g,i,n,gin
982,pincel_3,pincel,IMG_2620.jpg,g,i,n,gin
983,pincel_3,pincel,IMG_2621.jpg,g,i,n,gin
984,pincel_4,pincel,IMG_2622.jpg,g,i,n,gin
985,pincel_4,pincel,IMG_2623.jpg,g,i,n,gin
986,pincel_4,pincel,IMG_2624.jpg,g,i,n,gin
987,pincel_5,pincel,IMG_2625.jpg,g,i,n,gin
988,pincel_5,pincel,IMG_2626.jpg,g,i,n,gin
989,pincel_5,pincel,IMG_2627.jpg,g,i,n,gin
990,pincel_0,pincel,IMG_2629.jpg,w,o,n,won
991,pincel_0,pincel,IMG_2630.jpg,w,o,n,won
992,pincel_0,pincel,IMG_2631.jpg,w,o,n,won
993,pincel_1,pincel,IMG_2632.jpg,w,o,n,won
994,pincel_1,pincel,IMG_2633.jpg,w,o,n,won
995,pincel_1,pincel,IMG_2634.jpg,w,o,n,won
996,pincel_2,pincel,IMG_2635.jpg,w,o,n,won
997,pincel_2,pincel,IMG_2636.jpg,w,o,n,won
998,pincel_2,pincel,IMG_2637.jpg,w,o,n,won
999,pincel_3,pincel,IMG_2638.jpg,w,o,n,won
1000,pincel_3,pincel,IMG_2639.jpg,w,o,n,won
1001,pincel_3,pincel,IMG_2640.jpg,w,o,n,won
1002,pincel_4,pincel,IMG_2641.jpg,w,o,n,won
1003,pincel_4,pincel,IMG_2642.jpg,w,o,n,won
1004,pincel_4,pincel,IMG_2643.jpg,w,o,n,won
1005,pincel_5,pincel,IMG_2645.jpg,w,o,n,won
1006,pincel_5,pincel,IMG_2646.jpg,w,o,n,won
1007,pincel_5,pincel,IMG_2647.jpg,w,o,n,won
1008,pincel_0,pincel,IMG_2648.jpg,b,o,n,bon
1009,pincel_0,pincel,IMG_2649.jpg,b,o,n,bon
1010,pincel_0,pincel,IMG_2650.jpg,b,o,n,bon
1011,pincel_1,pincel,IMG_2651.jpg,b,o,n,bon
1012,pincel_1,pincel,IMG_2652.jpg,b,o,n,bon
1013,pincel_1,pincel,IMG_2653.jpg,b,o,n,bon
1014,pincel_2,pincel,IMG_2654.jpg,b,o,n,bon
1015,pincel_2,pincel,IMG_2655.jpg,b,o,n,bon
1016,pincel_2,pincel,IMG_2656.jpg,b,o,n,bon
1017,pincel_3,pincel,IMG_2657.jpg,b,o,n,bon
1018,pincel_3,pincel,IMG_2658.jpg,b,o,n,bon
1019,pincel_3,pincel,IMG_2659.jpg,b,o,n,bon
1020,pincel_4,pincel,IMG_2660.jpg,b,o,n,bon
1021,pincel_4,pincel,IMG_2661.jpg,b,o,n,bon
1022,pincel_4,pincel,IMG_2662.jpg,b,o,n,bon
1023,pincel_5,pincel,IMG_2663.jpg,b,o,n,bon
1024,pincel_5,pincel,IMG_2664.jpg,b,o,n,bon
1025,pincel_5,pincel,IMG_2665.jpg,b,o,n,bon
1026,pincel_0,pincel,IMG_2666.jpg,g,o,n,gon
1027,pincel_0,pincel,IMG_2667.jpg,g,o,n,gon
1028,pincel_0,pincel,IMG_2668.jpg,g,o,n,gon
1029,pincel_1,pincel,IMG_2669.jpg,g,o,n,gon
1030,pincel_1,pincel,IMG_2670.jpg,g,o,n,gon
1031,pincel_1,pincel,IMG_2671.jpg,g,o,n,gon
1032,pincel_2,pincel,IMG_2672.jpg,g,o,n,gon
1033,pincel_2,pincel,IMG_2673.jpg,g,o,n,gon
1034,pincel_2,pincel,IMG_2674.jpg,g,o,n,gon
1035,pincel_3,pincel,IMG_2675.jpg,g,o,n,gon
1036,pincel_3,pincel,IMG_2676.jpg,g,o,n,gon
1037,pincel_3,pincel,IMG_2677.jpg,g,o,n,gon
1038,pincel_4,pincel,IMG_2678.jpg,g,o,n,gon
1039,pincel_4,pincel,IMG_2679.jpg,g,o,n,gon
1040,pincel_4,pincel,IMG_2680.jpg,g,o,n,gon
1041,pincel_5,pincel,IMG_2910.jpg,g,o,n,gon
1042,pincel_5,pincel,IMG_2911.jpg,g,o,n,gon
1043,pincel_5,pincel,IMG_2912.jpg,g,o,n,gon